search_date,created_date,lang,source,text_redacted,text_length,retweet_count_bucket,reply_count_bucket,like_count_bucket,quote_count_bucket,view_count_bucket,bookmark_count_bucket,author_followers_bucket,author_following_bucket,is_reply,is_limited_reply,hashtags_count,urls_count,mentions_count,contains_recovery_term,gemini_label,gemini_conf,sabia_label,sabia_conf,local_label,local_conf,categoria,categoria_conf,metodo_consensus
2025-10-21,Tue Oct 21,pt,Twitter for iPhone,Eu preciso emagrecer [hashtag],27,0,0,0,0,11-100,0,101-1000,101-1000,False,False,1,0,0,False,,,pro-ed,0.65,pro-recovery,0.5380712747573853,pro-ed,0.65,confianca
2025-12-18,Thu Dec 18,pt,Twitter for iPhone,Ed sinceridade eu to gorda nessa foto? E quantos kilos aparento ter? [hashtag] [url],99,0,1-10,11-100,1-10,1001-10000,1-10,1001-10000,1001-10000,False,False,1,0,0,False,,,pro-ed,0.7,pro-ed,0.49826908111572266,pro-ed,0.7,maioria
2025-09-25,Thu Sep 25,pt,Twitter for iPhone,[mention] [mention] Essa vai pro [hashtag],39,0,0,1-10,0,1001-10000,0,11-100,101-1000,True,False,1,0,2,False,,,neutro,0.9,pro-ed,0.9683436751365662,pro-ed,0.9683436751365662,confianca
2025-12-06,Sat Dec 06,pt,Twitter for iPhone,"[mention] esmagrici 7kg em 2 semanas, estou quebrando o [hashtag] por um final de semana",89,0,1-10,0,0,11-100,0,1001-10000,101-1000,True,False,1,0,1,False,,,pro-ed,0.9,pro-recovery,0.5153337717056274,pro-ed,0.9,confianca
2026-01-05,Mon Jan 05,pt,Twitter for iPhone,faltou só a [hashtag] nessa foto ai,32,0,0,0,0,11-100,0,11-100,101-1000,False,False,1,0,0,False,,,neutro,0.6,pro-ed,0.4985417127609253,neutro,0.6,confianca
2026-02-12,Thu Feb 12,pt,Twitter for iPhone,"Nuh dei uma sumida daqui, deve ser a terapia. Enfim, agora o foco da conta vai ser reclamar e ser magra. [hashtag] [url]",136,0,0,1-10,0,11-100,0,101-1000,11-100,False,False,1,0,0,False,,,pro-ed,0.9,pro-recovery,0.8393864035606384,pro-ed,0.9,confianca
2025-10-29,Wed Oct 29,pt,Twitter for iPhone,"Thread destinada ao [hashtag] se for de fora favor não interagir, grata.",69,0,1-10,1-10,0,1001-10000,0,1001-10000,1001-10000,True,False,1,0,0,False,,,neutro,0.8,pro-ed,0.5360752940177917,neutro,0.8,confianca
2026-02-28,Sat Feb 28,pt,Twitter for iPhone,"☆Thread pro [hashtag] ☆Caso não seja da sub favor não interaja! ☆Inicialmente fiz essa trend pensada mais nas pessoas não-binarias, Mas eu me empolguei com a temática de anjo também e dei uma misturada. Então fica livre pra quem quiser ler!",241,0,1-10,1-10,0,101-1000,1-10,101-1000,101-1000,True,False,1,0,0,False,,,neutro,0.85,pro-ed,0.9690187573432922,pro-ed,0.9690187573432922,confianca
2025-11-17,Mon Nov 17,pt,Twitter for iPhone,passei o final de semana comendo porcaria dai vms voltar pro [hashtag],67,0,0,0,0,11-100,0,101-1000,101-1000,False,False,1,0,0,False,,,pro-ed,0.7,pro-recovery,0.6474206447601318,pro-ed,0.7,confianca
2025-10-16,Thu Oct 16,pt,Twitter for iPhone,17 horas restantes 💪🏻 se eu consigo você também consegue [hashtag] [hashtag] [url],96,0,0,0,0,101-1000,0,101-1000,101-1000,False,False,2,0,0,False,,,pro-ed,0.75,pro-ed,0.560296893119812,pro-ed,0.75,maioria
2025-09-19,Fri Sep 19,pt,Twitter for iPhone,17h e eu comi duas bananas e uma caneca de café [hashtag],54,0,0,0,0,11-100,0,101-1000,101-1000,False,False,1,0,0,False,,,neutro,0.8,pro-ed,0.549869179725647,neutro,0.8,confianca
2025-11-17,Mon Nov 17,pt,Twitter for iPhone,"bom diaa!! finalmente encontrei um jeito de comer esse whey da growth, fica uma delícia com banana 😋 (infos no alt) [hashtag] [url]",146,0,1-10,1-10,0,101-1000,0,1001-10000,101-1000,False,False,1,0,0,False,,,neutro,0.85,pro-recovery,0.6149215698242188,neutro,0.85,confianca
2026-01-06,Tue Jan 06,pt,Twitter for iPhone,a barata aqui subindo na mesa e eu aqui achando q vai achar comidakkkkkkkk vai eu e ela passa fome hoj kkkkkkkkkkk [hashtag],121,0,0,0,0,11-100,0,101-1000,101-1000,False,False,1,0,0,False,,,neutro,0.8,pro-recovery,0.6993093490600586,neutro,0.8,confianca
2026-01-03,Sat Jan 03,pt,Twitter for iPhone,Ontem eu comi uma maionese estragada de propósito pra pegar uma intoxicação e emagrecer [hashtag],94,0,0,0,0,11-100,0,101-1000,101-1000,False,False,1,0,0,False,,,pro-ed,0.95,pro-ed,0.5388120412826538,pro-ed,0.95,maioria
2026-01-23,Fri Jan 23,pt,Twitter for iPhone,⋆. 𐙚˚࿔ Oii amores! Eu sou a mimi e sou nova na comunidade ([hashtag] e [hashtag]) espero que gostem de mim ᥫ᭡𝜗𝜚˚⋆,110,0,0,0,0,101-1000,0,11-100,11-100,False,False,2,0,0,False,,,neutro,0.9,pro-ed,0.5160314440727234,neutro,0.9,confianca
2026-02-26,Thu Feb 26,pt,Twitter for iPhone,"Achei mto divo esse app q eu baixei dps de ver umas minas aqui do [hashtag] usando :3 (e nao, infelizmente eu nao fiz 40h q nem eu gostaria, na proxima eu consigo) [url]",184,0,0,1-10,0,11-100,0,11-100,101-1000,False,False,1,0,0,False,,,neutro,0.6,pro-ed,0.5820618867874146,neutro,0.6,confianca
2026-01-24,Sat Jan 24,pt,Twitter for iPhone,Fun fact Vc so ta gorda pq quer Se quisesse mesmo emagrecer e disposta a tudo Cheirava cocaína So falando Fui 🏃‍♀️🏃‍♀️🏃‍♀️🏃‍♀️🏃‍♀️ [hashtag] [hashtag] [hashtag],156,0,0,0,0,101-1000,0,11-100,101-1000,False,False,3,0,0,False,,,pro-ed,0.85,pro-ed,0.6346861720085144,pro-ed,0.85,maioria
2026-02-01,Sun Feb 01,pt,Twitter for iPhone,preciso perder 5kg logo [hashtag] [hashtag] [hashtag] [url],67,0,0,1-10,0,101-1000,0,11-100,11-100,False,False,3,0,0,False,,,pro-ed,0.65,pro-ed,0.550650417804718,pro-ed,0.65,maioria
2026-02-21,Sat Feb 21,pt,Twitter for iPhone,☕︎︎𝕣𝕖𝕔𝕖𝕚𝕥𝕒 𝕕𝕒 𝕡𝕒𝕟𝕢𝕦𝕖𝕢𝕦𝕚𝕟𝕙𝕒 𝕕𝕖 𝕓𝕒𝕟𝕒𝕟𝕒 com apenas 217 kcals e que da muita saciedade 𝚃𝚑𝚛𝚎𝚊𝚍 [hashtag] [hashtag] [url],131,11-100,1-10,101-1000,1-10,1001-10000,101-1000,101-1000,101-1000,False,False,2,0,0,False,,,pro-ed,0.85,pro-ed,0.6519211530685425,pro-ed,0.85,maioria
2025-12-22,Mon Dec 22,pt,Twitter for iPhone,exercício de hoje [hashtag] total: 1h30 (fiz o just dance duas vezez) sendo 30min de cardio [url],113,0,0,1-10,0,101-1000,1-10,101-1000,101-1000,False,False,1,0,0,False,,,neutro,0.7,pro-recovery,0.45869359374046326,neutro,0.7,confianca
2026-01-09,Fri Jan 09,pt,Twitter for iPhone,JURO MDS… gente vou voltar pro [hashtag] (piada,44,0,1-10,1-10,0,11-100,0,11-100,11-100,False,False,1,0,0,False,,,neutro,0.6,pro-recovery,0.8501454591751099,pro-recovery,0.8501454591751099,confianca
2025-09-17,Wed Sep 17,pt,Twitter for iPhone,💝 É possível ser TAB e BPD juntos? . . . Thread com slides bonitinhos de 🐤 Tags: [hashtag] [hashtag] [hashtag] [url],129,0,1-10,1-10,0,101-1000,0,11-100,11-100,False,False,3,0,0,False,,,neutro,0.8,pro-ed,0.6159563064575195,neutro,0.8,confianca
2026-02-13,Fri Feb 13,pt,Twitter for iPhone,"[mention] A gente tá igual cartão Black pai, sem limite &gt;&lt;!!!!!!!!!!! [hashtag]",89,0,1-10,1-10,0,11-100,0,11-100,101-1000,True,False,1,0,1,False,,,neutro,0.85,pro-ed,0.6092183589935303,neutro,0.85,confianca
2026-01-12,Mon Jan 12,pt,Twitter for iPhone,"Boa tarde [hashtag] Almocinho pra voltar a rotina dentro do intake: Omelete com farinha de aveia, cenoura e alface + abóbora e quiabo = 200kcal [url]",165,0,0,0,0,101-1000,0,11-100,11-100,False,False,1,0,0,False,,,pro-ed,0.7,pro-recovery,0.9145506024360657,pro-recovery,0.9145506024360657,confianca
2025-11-28,Fri Nov 28,pt,Twitter for iPhone,[mention] Vc bem [hashtag] (Vem provar pra saber se to uma dlc mesmo 🫦),71,0,1-10,1-10,0,11-100,0,1001-10000,101-1000,True,False,1,0,1,False,,,neutro,0.6,pro-ed,0.7653742432594299,pro-ed,0.7653742432594299,confianca
2025-10-01,Wed Oct 01,pt,Twitter for iPhone,meu almoço hj tava tão gostoso tão colorido esqueci de postar aqui pra assustar o [hashtag],88,0,1-10,1-10,0,101-1000,0,101-1000,101-1000,False,False,1,0,0,False,,,pro-ed,0.7,pro-ed,0.5981256365776062,pro-ed,0.7,maioria
2026-02-12,Thu Feb 12,pt,Twitter for iPhone,"➤【《 ideias de poses de fotos ""diferentonas"" disfarçadas de bc pra postar nas redes sociais 》】 ！！thread direcionada APENAS para o [hashtag] ！！",139,11-100,1-10,101-1000,1-10,1001-10000,101-1000,101-1000,101-1000,False,False,1,0,0,False,,,neutro,0.6,neutro,0.4838078022003174,neutro,0.6,maioria
2025-09-14,Sun Sep 14,pt,Twitter for iPhone,[mention] vdd mor foi [hashtag] [hashtag] [hashtag] [hashtag],61,0,1-10,1-10,0,11-100,0,11-100,11-100,True,False,4,0,1,False,,,neutro,0.8,pro-ed,0.4679713547229767,neutro,0.8,confianca
2025-10-04,Sat Oct 04,pt,Twitter for iPhone,primeiro [hashtag] dps do [hashtag] ⋆. 𐙚 ̊17yrs imc 14 [url],75,0,1-10,1-10,0,11-100,0,11-100,11-100,False,False,2,0,0,False,,,pro-ed,0.85,pro-ed,0.530260443687439,pro-ed,0.85,maioria
2026-01-30,Fri Jan 30,pt,Twitter for iPhone,𐔌 . ⋮ Isso ou Aquilo? Versão Churros ou Chocolate ₊ ꒱ ~ Uma Food Poll interativa onde calorias não existem. [hashtag] [hashtag] [hashtag] [hashtag] 𖹭/⟳ appreciated [url],198,11-100,1-10,101-1000,11-100,1001-10000,11-100,101-1000,101-1000,False,False,4,0,0,False,,,neutro,0.85,pro-ed,0.733782947063446,neutro,0.85,confianca
2026-02-20,Fri Feb 20,pt,Twitter for iPhone,Você quer ser a amiga gorda pra sempre???EMAGREÇA! Você nunca vai ser escolhida se continuar assim!!! [hashtag] [hashtag] [hashtag] [hashtag],123,1-10,1-10,1-10,0,101-1000,0,101-1000,11-100,False,False,4,0,0,False,,,pro-ed,0.95,pro-ed,0.5574538707733154,pro-ed,0.95,maioria
2025-11-15,Sat Nov 15,pt,Twitter for iPhone,"Eu comi muito ontem a noite, eu n tirei fotos pois estava com vergonha, mas foram 2 sanduíches de pão com queijo e 2 pratos de cuscuz [hashtag] [url]",165,0,0,1-10,0,11-100,0,11-100,11-100,False,False,1,0,0,False,,,neutro,0.6,pro-ed,0.455966055393219,neutro,0.6,confianca
2025-12-24,Wed Dec 24,pt,Twitter for iPhone,ceia esse ano vai ser com o pessoal do [hashtag],45,0,0,0,1-10,101-1000,0,101-1000,101-1000,False,False,1,0,0,False,,,neutro,0.9,pro-ed,0.5471630692481995,neutro,0.9,confianca
2025-10-23,Thu Oct 23,pt,Twitter for iPhone,Esto es desmotivante [hashtag] [url],51,0,0,1-10,0,11-100,0,11-100,11-100,False,False,1,0,0,False,,,neutro,0.6,neutro,0.9541015625,neutro,0.9541015625,maioria
2025-09-27,Sat Sep 27,pt,Twitter for iPhone,eu entraria no [hashtag] mas meu dinheiro é GORDO mano [url],75,0,0,0,0,11-100,0,11-100,11-100,False,False,1,0,0,False,,,neutro,0.8,pro-ed,0.4552827477455139,neutro,0.8,confianca
2025-09-21,Sun Sep 21,pt,Twitter for iPhone,Peguei uma virose bbdo [hashtag],29,0,0,0,0,11-100,0,11-100,11-100,False,False,1,0,0,False,,,neutro,0.9,pro-ed,0.5523205995559692,neutro,0.9,confianca
2026-02-15,Sun Feb 15,pt,Twitter for iPhone,Boa tarde amores. Alguém aí pra indicar um laxante? Com esses nf eu não vou no banheiro de jeito nenhum 😡😡😡 [hashtag] [hashtag] [url],142,0,1-10,1-10,1-10,101-1000,1-10,101-1000,11-100,False,False,2,0,0,False,,,pro-ed,0.9,neutro,0.937330961227417,neutro,0.937330961227417,confianca
2026-01-31,Sat Jan 31,eu,Twitter for iPhone,⋆˚˖ ᛝ wieiad . 01 / 31 / 26 𖹭 .ᐟ🪽 ─────୨ৎ───── ~ total : 457 cal ⋆˚˖ ⌗ ⋮ [hashtag] [hashtag] [hashtag] [url],121,1-10,0,1-10,0,11-100,1-10,101-1000,101-1000,False,False,3,0,0,False,,,pro-ed,0.9,pro-ed,0.4782460331916809,pro-ed,0.9,maioria
2026-01-14,Wed Jan 14,pt,Twitter for iPhone,bonespo [hashtag] [url],38,1-10,0,11-100,0,1001-10000,11-100,101-1000,101-1000,False,False,1,0,0,False,,,pro-ed,0.9,pro-ed,0.6000882983207703,pro-ed,0.9,maioria
2025-10-02,Thu Oct 02,pt,Twitter for iPhone,"༘˚⋆𐙚｡⋆𖦹.✧˚BUSCO MUTIS (っ◠﹏◠; ) ༘˚⋆𐙚｡⋆𖦹.✧˚ Trato de ser activo e interactuo mucho𓈒 ֯ ⠀ ྐ★ (shtwt, edtwt, obstwt, obslovetwt) ﾟ⠀݂ † Cualquier [hashtag] ★ esp ☆ he/him, 15 ☆ ★ NO pedo, zoo 🚫 ♡ [hashtag] [hashtag] [hashtag] [hashtag] ♡ + ↻ = mutis [url]",274,1-10,11-100,11-100,1-10,1001-10000,0,101-1000,11-100,False,False,5,0,0,False,,,neutro,0.85,pro-ed,0.5006363987922668,neutro,0.85,confianca
2025-12-28,Sun Dec 28,pt,Twitter for iPhone,⋆ 𐙚 ̊. — enjoou de ovos? ideias para variar o preparo dos seus ovos no dia a dia ! — ⋆ 𐙚 ̊. ⊹ ࣪ ˖ — A thread for [hashtag] — ⊹ ࣪ ˖ [url],157,11-100,1-10,101-1000,1-10,10000+,101-1000,101-1000,101-1000,False,False,1,0,0,False,,,neutro,0.95,pro-recovery,0.5597851872444153,neutro,0.95,confianca
2026-02-21,Sat Feb 21,es,Twitter for iPhone,Bc acostada de lado XP [hashtag] [url],53,1-10,1-10,11-100,0,101-1000,0,101-1000,101-1000,False,False,1,0,0,False,,,neutro,0.8,pro-ed,0.4822689890861511,neutro,0.8,confianca
2025-10-09,Thu Oct 09,pt,Twitter for iPhone,[mention] Seu sonho eh meu pesadelo [hashtag],47,0,0,0,0,11-100,0,101-1000,1001-10000,True,False,1,0,1,False,,,neutro,0.6,pro-ed,0.5533046722412109,neutro,0.6,confianca
2025-11-20,Thu Nov 20,pt,Twitter for iPhone,✦˖°. 𝘝𝘦𝘯𝘥𝘢 𝘓𝘪𝘷𝘳𝘦: Entre perder peso e parecer que perdeu 𖦹 remédio e suplementos! ★ Thread informativa para o [hashtag] 𖦹 [url],144,0,1-10,1-10,1-10,101-1000,1-10,11-100,11-100,False,False,1,0,0,False,,,neutro,0.6,pro-recovery,0.5129704475402832,neutro,0.6,confianca
2025-10-05,Sun Oct 05,pt,Twitter for iPhone,"tomei sal amargo, testando coisas aqui, o gosto é horrível inclusive [hashtag] [url]",99,0,1-10,1-10,1-10,101-1000,0,1001-10000,101-1000,False,False,1,0,0,False,,,pro-ed,0.65,pro-ed,0.4589099586009979,pro-ed,0.65,maioria
2025-11-16,Sun Nov 16,pt,Twitter for iPhone,"hoje eu tomei spirulina, resveratrol e orlistat [hashtag] se amanhã eu não acordar na mf eu me mato",97,0,0,0,0,101-1000,1-10,101-1000,101-1000,False,False,1,0,0,False,,,pro-ed,0.85,pro-recovery,0.7421249151229858,pro-ed,0.85,confianca
2026-01-17,Sat Jan 17,pt,Twitter for iPhone,[mention] [mention] boaaaa alf o etfudido promovendo o [hashtag] 👏👏👏,77,0,1-10,1-10,0,11-100,0,1001-10000,1001-10000,True,False,1,0,2,False,,,neutro,0.6,pro-ed,0.8575766682624817,pro-ed,0.8575766682624817,confianca
top,Sat Jan 24,pt,Twitter for iPhone,"pqp chamar gnt do edtwt de ""nazi"" é foda, eu nunca vi tanto viado junto em uma comunidade, fora q geral é de esquerda e ainda tudo woke. [url]",160,0,0,1-10,0,101-1000,0,1001-10000,1001-10000,False,False,0,0,0,False,,,neutro,0.8,neutro,0.7069417238235474,neutro,0.8,maioria
2025-09-17,Wed Sep 17,eu,Twitter for iPhone,ꮽི wieiad ༏ྀ𑇒 17 . 9 . 25 [hashtag] [hashtag] [hashtag] [hashtag] [url],87,0,1-10,1-10,0,101-1000,0,101-1000,101-1000,True,False,4,0,0,False,,,neutro,0.9,pro-ed,0.5683436393737793,neutro,0.9,confianca
2026-01-01,Thu Jan 01,pt,Twitter for iPhone,só vou comer ano que vem [hashtag],31,0,0,0,0,11-100,0,11-100,101-1000,False,False,1,0,0,False,,,pro-ed,0.8,pro-recovery,0.4651242196559906,pro-ed,0.8,confianca
2026-01-28,Wed Jan 28,pt,Twitter for iPhone,De ontem ₍ᐢ. .ᐢ₎ [hashtag] Amo comer limpinho!!! 💗 885 kcals - 52g prot. Gastas: 391kcals Jejum: 14h ．☆．。．:*･ﾟ [hashtag] [hashtag] [url],151,0,1-10,11-100,1-10,101-1000,1-10,1001-10000,101-1000,False,False,3,0,0,False,,,pro-ed,0.95,pro-ed,0.44832339882850647,pro-ed,0.95,maioria
2026-02-05,Thu Feb 05,pt,Twitter for iPhone,"[mention] [mention] [mention] irmao pesquisa [hashtag] no tt rapidao e conta quantos homens que tu vai ver nessa parada tu vai contar e nao vai ver nenhum, pq mulher é quem MAIS se preocupa com peso doq qualquer outro sexo mo galera deixa de comer (eu incluso) pra emagrecer e se sentir bem com o proprio corpo",311,0,1-10,1-10,0,101-1000,0,101-1000,101-1000,True,False,1,0,3,False,,,neutro,0.65,pro-recovery,0.6530795097351074,pro-recovery,0.6530795097351074,confianca
2025-09-09,Tue Sep 09,pt,Twitter for iPhone,não almocei hoje ainda [hashtag] [url],53,0,1-10,0,0,11-100,0,101-1000,101-1000,False,False,1,0,0,False,,,pro-ed,0.65,pro-ed,0.4445337653160095,pro-ed,0.65,maioria
2025-11-12,Wed Nov 12,pt,Twitter for iPhone,[mention] [mention] até queima calorias [hashtag],50,0,0,0,0,11-100,0,11-100,101-1000,True,False,1,0,0,False,,,neutro,0.6,pro-recovery,0.4986729025840759,neutro,0.6,confianca
2025-12-17,Wed Dec 17,pt,Twitter for iPhone,ai mano odeio ver panetone recheado explodindo recheio morro de nojo [hashtag],75,0,1-10,1-10,0,11-100,0,101-1000,101-1000,False,False,1,0,0,False,,,neutro,0.95,neutro,0.46345674991607666,neutro,0.95,maioria
2025-09-07,Sun Sep 07,pt,Twitter for iPhone,Nada nunca me emocionou tanto quanto isso [hashtag] [hashtag],57,0,0,1-10,0,101-1000,0,101-1000,11-100,False,False,2,0,0,False,,,neutro,0.5,pro-ed,0.665078341960907,pro-ed,0.665078341960907,confianca
2025-12-08,Mon Dec 08,es,Twitter for iPhone,Me identifike y tmb por gorda [hashtag] [hashtag] [url],66,11-100,1-10,101-1000,1-10,10000+,11-100,1001-10000,11-100,False,False,2,0,0,False,,,neutro,0.6,pro-ed,0.7393209338188171,pro-ed,0.7393209338188171,confianca
2025-11-30,Sun Nov 30,pt,Twitter for iPhone,n aguentei comer nem metade [hashtag],34,0,0,1-10,0,101-1000,0,101-1000,101-1000,False,False,1,0,0,False,,,pro-ed,0.65,neutro,0.6231194138526917,pro-ed,0.65,confianca
2026-01-14,Wed Jan 14,pt,Twitter for iPhone,amooo bolo pqp eu viveria so de bolo 😍😍😍 [hashtag] [hashtag] [url],79,0,0,0,0,11-100,0,101-1000,1001-10000,False,False,2,0,0,False,,,neutro,0.9,pro-ed,0.5823244452476501,neutro,0.9,confianca
2025-09-26,Fri Sep 26,pt,Twitter for iPhone,amo que meu almoço foi um pastel de frango e essa foi a minha única refeição do dia [hashtag] [url],114,0,0,1-10,0,101-1000,0,1001-10000,1001-10000,False,False,1,1,0,False,,,pro-ed,0.85,pro-ed,0.7068510055541992,pro-ed,0.85,maioria
2026-03-15,Sun Mar 15,pt,Twitter for iPhone,paul paul paul [hashtag] [hashtag],30,0,0,1-10,0,11-100,0,11-100,101-1000,False,False,2,0,0,False,,,neutro,0.9,pro-ed,0.5431439280509949,neutro,0.9,confianca
2025-12-16,Tue Dec 16,pt,Twitter for iPhone,Almocinho de hoje [hashtag] [url],48,0,0,0,0,11-100,0,11-100,11-100,False,False,1,0,0,False,,,neutro,0.8,pro-ed,0.5764603614807129,neutro,0.8,confianca
2025-10-30,Thu Oct 30,pt,Twitter for iPhone,comidinha do [hashtag] [url],43,0,0,0,0,11-100,0,11-100,11-100,False,False,1,0,0,False,,,neutro,0.8,pro-ed,0.6088151335716248,neutro,0.8,confianca
2025-09-10,Wed Sep 10,pt,Twitter for iPhone,nem o iphone foi capaz de escapar do inalcançável padrao imposto pela sociedade e acabou cedendo ao [hashtag],106,0,0,1-10,0,101-1000,0,11-100,11-100,False,False,1,0,0,False,,,neutro,0.7,pro-ed,0.6563522815704346,neutro,0.7,confianca
2026-02-05,Thu Feb 05,pt,Twitter for iPhone,"almoço com 33g de proteina e 425c vai me deixar satisfeita por muito tempo, comer limpo ajuda demais! [hashtag] [hashtag] [hashtag] [url]",146,0,0,0,0,101-1000,0,101-1000,101-1000,False,False,3,0,0,False,,,neutro,0.6,pro-ed,0.6458534002304077,pro-ed,0.6458534002304077,confianca
2025-11-20,Thu Nov 20,pt,Twitter for iPhone,meu pai n come tapioca pq engorda [hashtag] [url],64,0,1-10,1-10,0,101-1000,0,11-100,101-1000,False,False,1,0,0,False,,,neutro,0.8,pro-ed,0.5267401337623596,neutro,0.8,confianca
2026-02-18,Wed Feb 18,pt,Twitter for iPhone,Ive falou minha língua agora [hashtag] [url],61,1-10,0,0,0,11-100,0,11-100,11-100,False,False,1,0,0,False,,,neutro,0.6,pro-ed,0.49561265110969543,neutro,0.6,confianca
2026-01-30,Fri Jan 30,pt,Twitter for iPhone,"Gente, alguém mais aí do [hashtag] começa a passar mal quando tenta comer igual uma pessoa normal? Eu to morrendo de agonia e dor de barriga aqui depois de bater um prato de almoço e comer dois salgados com um copo refrigerante- [url]",249,0,1-10,1-10,0,11-100,0,11-100,11-100,False,False,1,0,0,False,,,neutro,0.7,pro-ed,0.5369532108306885,neutro,0.7,confianca
2026-02-16,Mon Feb 16,pt,Twitter for iPhone,Almoço: 179kcal 😊 [hashtag] [url],48,0,0,0,0,11-100,0,11-100,11-100,False,False,1,0,0,False,,,pro-ed,0.8,pro-ed,0.5279169678688049,pro-ed,0.8,maioria
2025-10-29,Wed Oct 29,pt,Twitter for iPhone,[mention] eh bom q ja faz a refeição no trabalho e fica magrinho ne migo [hashtag],82,0,0,0,0,11-100,0,1001-10000,1001-10000,True,False,1,0,1,False,,,pro-ed,0.7,pro-recovery,0.5543859601020813,pro-ed,0.7,confianca
2026-01-06,Tue Jan 06,pt,Twitter for iPhone,"gente vocês acham que se eu comer um danoninho que estragou em novembro hoje, eu vou tipo ter alguma bactéria na barriga? passar mal de algum jeito? queria muito, estou pensando... ele nem tá nojento ent acho que eu vou deixar ele estragar um pouco mais [hashtag] é sério me ajudem",278,0,0,0,0,11-100,0,11-100,11-100,False,False,1,0,0,False,,,neutro,0.85,pro-ed,0.43366050720214844,neutro,0.85,confianca
2025-10-23,Thu Oct 23,pt,Twitter for iPhone,thread de cuidados que eu tenho com o meu cabelo 🎀🧖‍♀️💕🌸 [hashtag] [hashtag] [url],97,1-10,1-10,11-100,0,101-1000,1-10,101-1000,101-1000,False,False,2,0,0,False,,,neutro,0.9,pro-ed,0.6390374898910522,neutro,0.9,confianca
2025-12-10,Wed Dec 10,pt,Twitter for iPhone,um pouquinho da minha caminhada fora de casa 🩷 A little bit of my walk outside 🩷 [hashtag] 🪡 [url],115,0,1-10,0,0,11-100,0,101-1000,101-1000,False,False,1,0,0,False,,,neutro,0.7,pro-ed,0.4832663834095001,neutro,0.7,confianca
2026-01-08,Thu Jan 08,pt,Twitter for iPhone,Tô paranóica com comida Vou ficar louca Quero muito comer e ao mesmo tempo não quero comer nada Socorro [hashtag] [url],136,1-10,0,1-10,0,101-1000,0,11-100,11-100,False,False,1,0,0,False,,,neutro,0.6,pro-ed,0.4713898003101349,neutro,0.6,confianca
2025-12-17,Wed Dec 17,pt,Twitter for iPhone,Quando vc vai pra nutri e descobre que seu índice de gordura corporal é 3% [hashtag] [url],105,0,1-10,1-10,0,101-1000,0,101-1000,101-1000,False,False,1,0,0,False,,,neutro,0.6,pro-ed,0.4983513653278351,neutro,0.6,confianca
2026-01-20,Tue Jan 20,pt,Twitter for iPhone,jaja vou entrar pro [hashtag] mds,30,0,0,1-10,0,101-1000,0,10000+,1001-10000,True,False,1,0,0,False,,,neutro,0.6,pro-ed,0.8903994560241699,pro-ed,0.8903994560241699,confianca
2026-02-16,Mon Feb 16,pt,Twitter for iPhone,"Quase chegando ao meu peso ideal (tenho 1,90) [hashtag] [url]",77,0,0,1-10,0,11-100,0,1-10,1-10,False,False,1,0,0,False,,,pro-ed,0.7,pro-ed,0.49222758412361145,pro-ed,0.7,maioria
2025-12-26,Fri Dec 26,pt,Twitter for iPhone,esse pós ceia foi bbd e vamos de in nesse [hashtag] [url],72,0,0,0,0,101-1000,0,101-1000,101-1000,False,False,1,0,0,False,,,neutro,0.6,neutro,0.5114688873291016,neutro,0.6,maioria
2026-01-29,Thu Jan 29,pt,Twitter for iPhone,[mention] pois eu viro do [hashtag],35,0,1-10,1-10,0,11-100,0,1001-10000,1001-10000,True,False,1,0,1,False,,,neutro,0.8,pro-ed,0.5364758372306824,neutro,0.8,confianca
2025-12-19,Fri Dec 19,pt,Twitter for iPhone,Antes de tudo isso é uma thread para o [hashtag] então caso você não seja por favor apenas pule o post ♡⸝⸝,103,0,1-10,0,0,11-100,0,101-1000,101-1000,True,False,1,0,0,False,,,neutro,0.6,pro-ed,0.5526880025863647,neutro,0.6,confianca
2025-11-20,Thu Nov 20,pt,Twitter for iPhone,NÃO QUERO GORDA DO MEU LADO NO ÔNIBUS [hashtag] [hashtag] [url],84,0,0,1-10,0,101-1000,0,11-100,11-100,False,False,2,0,0,False,,,neutro,0.6,neutro,0.3652011752128601,neutro,0.6,maioria
2025-11-30,Sun Nov 30,pt,Twitter for iPhone,✧･ﾟ⤷ Fazendo uma receita de risoto com arroz de Couve-Flor de 223cals! ･ﾟ✧ 🪡 Uma thread para o [hashtag] 🧵 [url],139,0,1-10,1-10,1-10,101-1000,1-10,11-100,101-1000,False,False,1,0,0,False,,,neutro,0.7,pro-ed,0.5937307476997375,neutro,0.7,confianca
2026-02-06,Fri Feb 06,pt,Twitter for iPhone,"eu inicialmente criei essa conta pra so postar coisa em ingles, mas a comunidade brasileira é tao mais legal q a gringa😭 eu ainda posto coisa em ingles mas acho meio mycoh postar o msm tweet nos dois idiomas sendo q eu praticamente falo sozinha na minha conta [hashtag]",266,0,1-10,1-10,0,11-100,0,101-1000,101-1000,False,False,1,0,0,False,,,neutro,0.95,neutro,0.4582939147949219,neutro,0.95,maioria
2025-10-06,Mon Oct 06,pt,Twitter for iPhone,"Passei um pouco mais de uma semana longe do [hashtag] e foi a pior coisa que fiz, tive vários descontroles e meu peso continua oscilando entre 53-54kg e tem dias que chega em 55kg 😭😭😭 eu nunca mais vou ficar longe de vcs!!!!",221,0,0,0,0,11-100,0,11-100,11-100,False,False,1,0,0,False,,,pro-ed,0.75,pro-recovery,0.3743726909160614,pro-ed,0.75,confianca
2025-10-31,Fri Oct 31,pt,Twitter for iPhone,Pensando em entrar pro [hashtag] mas por questões financeiras,58,0,1-10,0,0,11-100,0,101-1000,1001-10000,False,False,1,0,0,False,,,neutro,0.8,pro-ed,0.49541184306144714,neutro,0.8,confianca
top,Tue Jun 03,pt,Twitter for iPhone,Proibiram fatspo no edtwt sfdr,30,0,1-10,1-10,0,101-1000,0,101-1000,101-1000,False,False,0,0,0,False,,,neutro,0.7,pro-ed,0.5348746180534363,neutro,0.7,confianca
2025-09-18,Thu Sep 18,pt,Twitter for iPhone,ansiosa pra almoçar amanhã [hashtag],33,0,0,0,0,101-1000,0,101-1000,101-1000,False,False,1,0,0,False,,,neutro,0.8,pro-recovery,0.48858970403671265,neutro,0.8,confianca
2025-11-23,Sun Nov 23,pt,Twitter for iPhone,[mention] bota [hashtag] na proxima [url],57,0,1-10,11-100,0,101-1000,0,101-1000,101-1000,True,False,1,0,0,False,,,neutro,0.8,pro-ed,0.5368956327438354,neutro,0.8,confianca
2025-10-17,Fri Oct 17,pt,Twitter for iPhone,minha mãe admitiu que quer me deixar imenso ELA PENSA! foram 5 dias comendo bem e agora vai ser 5 dias de água e reza [hashtag],124,0,1-10,1-10,0,11-100,0,11-100,11-100,False,False,1,0,0,False,,,pro-ed,0.95,pro-recovery,0.7606378197669983,pro-ed,0.95,confianca
2026-02-18,Wed Feb 18,pt,Twitter for iPhone,[mention] ai que sacoooooooo [hashtag],38,0,0,0,0,11-100,0,101-1000,101-1000,True,False,1,0,1,False,,,neutro,0.8,pro-ed,0.6435847282409668,neutro,0.8,confianca
2026-01-24,Sat Jan 24,pt,Twitter for iPhone,eu tenho uns hábitos altamente [hashtag],37,0,0,0,0,11-100,0,11-100,11-100,False,False,1,0,0,False,,,neutro,0.6,pro-ed,0.8986207246780396,pro-ed,0.8986207246780396,confianca
2025-11-19,Wed Nov 19,it,Twitter for iPhone,More mango 60c [hashtag] [url],45,0,1-10,1-10,0,11-100,0,101-1000,101-1000,False,False,1,0,0,False,,,neutro,0.8,pro-ed,0.4389849305152893,neutro,0.8,confianca
2026-01-20,Tue Jan 20,pt,Twitter for iPhone,La tristeza de no poder donar sangre pq me drogo &lt;\\\3 😳🥺 [hashtag] [hashtag],76,0,0,0,0,101-1000,0,101-1000,1001-10000,False,False,2,0,0,False,,,neutro,0.6,pro-ed,0.633232057094574,pro-ed,0.633232057094574,confianca
2025-12-01,Mon Dec 01,pt,Twitter for iPhone,como ter transtorno alimentar e ficar mais magra até o final do ano [hashtag] [url],98,1-10,1-10,1-10,0,101-1000,0,11-100,11-100,False,False,1,0,0,False,,,pro-ed,0.95,pro-recovery,0.8106282949447632,pro-ed,0.95,confianca
2026-01-03,Sat Jan 03,pt,Twitter for iPhone,Hoje to de plantão de 24h e decidir fazer jejum durante todo esse tempo. A parte boa é que eu n trouxe comida mesmo então eu nem tenho oq comer kkk vamo daleeee [hashtag] Foto da minha paciente 🩺 [url],219,0,0,0,0,11-100,0,101-1000,11-100,False,False,1,0,0,False,,,pro-ed,0.9,neutro,0.8218672275543213,pro-ed,0.9,confianca
2025-09-29,Mon Sep 29,pt,Twitter for iPhone,"Uma competição na empresa de quem perde mais peso/ ganha mais massa magra. Vai ganhar 300 reais cada membro da equipe. É isso, agr sou parte do [hashtag]",150,0,0,0,0,11-100,0,1-10,1-10,False,False,1,0,0,False,,,pro-ed,0.75,pro-recovery,0.7374223470687866,pro-ed,0.75,confianca
2026-02-28,Sat Feb 28,pt,Twitter for iPhone,"fecho com [hashtag] fecho com [hashtag] PRINCIPALMENTE! fecho com [hashtag] fecho com [hashtag] fecho com [hashtag] fecho com [hashtag] fecho com [hashtag] nao fecho com clepto (que nao tem cleptomania), naz1, p3d0 e derivados da parte maldita do subtwt me sigam e vamos ser moots beijos",279,101-1000,11-100,101-1000,1-10,10000+,11-100,101-1000,101-1000,False,False,7,0,0,False,,,neutro,0.8,pro-ed,0.451399564743042,neutro,0.8,confianca
2025-09-11,Thu Sep 11,pt,Twitter for iPhone,Aprovam minha bucetinha de morango [hashtag] ? [url],67,0,0,0,0,11-100,0,11-100,11-100,False,False,1,0,0,False,,,neutro,0.6,pro-ed,0.56846022605896,neutro,0.6,confianca
2025-09-03,Wed Sep 03,pt,Twitter for iPhone,[mention] o [hashtag] te espera amg,35,0,1-10,1-10,0,11-100,0,11-100,11-100,True,False,1,0,1,False,,,neutro,0.8,pro-ed,0.6709232330322266,neutro,0.8,confianca
2025-12-16,Tue Dec 16,pt,Twitter for iPhone,[mention] pq eu não sou do [hashtag] sinto muito não corresponder suas expectativas!!,86,0,0,0,0,11-100,0,1001-10000,101-1000,True,False,1,0,1,False,,,neutro,0.8,neutro,0.5996218323707581,neutro,0.8,maioria
2026-02-06,Fri Feb 06,pt,Twitter for iPhone,saiu do [hashtag],14,0,1-10,0,0,11-100,0,11-100,11-100,False,False,1,0,0,False,,,neutro,0.8,pro-ed,0.5205427408218384,neutro,0.8,confianca
2025-11-09,Sun Nov 09,pt,Twitter for iPhone,Levando duas barrinhas pro enem hoje [hashtag],43,0,1-10,1-10,0,101-1000,0,11-100,11-100,False,False,1,0,0,False,,,neutro,0.9,pro-ed,0.8081115484237671,neutro,0.9,confianca
2025-10-29,Wed Oct 29,pt,Twitter for iPhone,"૮꒰ ˶• ༝ •˶꒱ა ♡ [hashtag] 🪽 Tive que aumentar o intake.. 💀 🍳 Avocado Toast: 352kcal 🥑 Abacate c/ whey: 175kcal 🥣 Caldo verde: 89kcal 30 míseras gramas de proteína + 3,5L de água 💦 🐇 Sem gasto pq to de folga e precisei descansar mt ｡:*♡Total: 616 kcals [hashtag] [hashtag] [url]",290,0,1-10,1-10,0,101-1000,0,1001-10000,101-1000,False,False,3,0,0,False,,,pro-ed,0.9,pro-ed,0.46275651454925537,pro-ed,0.9,maioria
2025-11-03,Mon Nov 03,es,Twitter for iPhone,[mention] [hashtag] VAMOOO,26,0,1-10,0,0,11-100,0,101-1000,11-100,True,False,1,0,1,False,,,neutro,0.5,pro-ed,0.5597529411315918,pro-ed,0.5597529411315918,confianca
2026-02-06,Fri Feb 06,pt,Twitter for iPhone,"[mention] [mention] [mention] Doll? Uma marmanja de 20 anos e usa [hashtag] e gif de kidol, faz favor",109,0,0,0,0,11-100,0,11-100,11-100,True,False,1,0,3,False,,,neutro,0.8,pro-ed,0.9014720916748047,pro-ed,0.9014720916748047,confianca
2025-12-17,Wed Dec 17,pt,Twitter for iPhone,"meu primeiro depois de meses! logo logo volto com atualizações :3 (comecei com o de 16 pq tava acostumada com o de 20, mas vou voltando aos pouquinhos) [hashtag] [url]",184,0,0,0,0,11-100,0,1-10,11-100,False,False,1,0,0,False,,,neutro,0.6,pro-recovery,0.44063493609428406,neutro,0.6,confianca
2025-12-02,Tue Dec 02,it,Twitter for iPhone,NO C Q LE PASO A MI TWT NECESITI MAS [hashtag] lit,47,0,0,1-10,1-10,11-100,0,11-100,101-1000,False,False,1,0,0,False,,,neutro,0.8,neutro,0.6247109174728394,neutro,0.8,maioria
2025-09-29,Mon Sep 29,lt,Twitter for iPhone,Nao bandejei jantei pitangas [hashtag] [hashtag] [hashtag] [url],89,0,0,11-100,1-10,1001-10000,0,10000+,1001-10000,False,False,3,0,0,False,,,pro-ed,0.65,pro-ed,0.4082738757133484,pro-ed,0.65,maioria
2025-10-22,Wed Oct 22,pt,Twitter for iPhone,[mention] queria ser assim [hashtag],36,0,0,0,0,11-100,0,1001-10000,1001-10000,True,False,1,0,1,False,,,neutro,0.5,pro-ed,0.6877182722091675,pro-ed,0.6877182722091675,confianca
2025-10-29,Wed Oct 29,pt,Twitter for iPhone,[mention] EXATAMENTE 😞😞😞😞 tomei um copo de suco e fui [hashtag],60,0,1-10,1-10,0,11-100,0,101-1000,101-1000,True,False,1,0,1,False,,,neutro,0.6,pro-ed,0.6270238161087036,pro-ed,0.6270238161087036,confianca
2025-11-07,Fri Nov 07,pt,Twitter for iPhone,0 vontade de completar qualquer refeição [hashtag],47,0,0,1-10,1-10,101-1000,0,101-1000,101-1000,False,False,1,0,0,False,,,pro-ed,0.6,neutro,0.8019664287567139,neutro,0.8019664287567139,confianca
2025-11-04,Tue Nov 04,pt,Twitter for iPhone,[mention] [mention] Só se a refeição foi no [hashtag],53,0,0,0,0,11-100,0,101-1000,1001-10000,True,False,1,0,2,False,,,neutro,0.6,pro-ed,0.5261759161949158,neutro,0.6,confianca
2025-11-26,Wed Nov 26,pt,Twitter for iPhone,o meu almoço sendo barrinha de doce de leite [hashtag],51,0,1-10,1-10,0,101-1000,0,101-1000,1001-10000,False,False,1,0,0,False,,,neutro,0.8,pro-ed,0.6401504278182983,neutro,0.8,confianca
2025-09-12,Fri Sep 12,pt,Twitter for iPhone,danoninho caseiro em que 700g tem 221kcal thread do [hashtag] [url],83,1-10,1-10,11-100,0,101-1000,11-100,101-1000,101-1000,False,False,1,0,0,False,,,neutro,0.8,pro-ed,0.5341628789901733,neutro,0.8,confianca
2025-11-07,Fri Nov 07,pt,Twitter for iPhone,Me sentindo mt skinny legend [hashtag] q minha calça wide leg tá quase indo pra cintura e toda folgada frouxa lascada,114,0,0,1-10,0,101-1000,0,11-100,101-1000,False,False,1,0,0,False,,,pro-ed,0.8,pro-ed,0.4892274737358093,pro-ed,0.8,maioria
2025-10-09,Thu Oct 09,pt,Twitter for iPhone,"[mention] [hashtag] eu estudando nutrição so pra passar fome, desculpa bess nao entendi",85,0,1-10,1-10,0,11-100,0,11-100,101-1000,True,False,1,0,1,False,,,pro-ed,0.65,pro-recovery,0.7028964161872864,pro-recovery,0.7028964161872864,confianca
2025-12-02,Tue Dec 02,pt,Twitter for iPhone,almoçando agr [hashtag],20,0,0,0,0,11-100,0,11-100,11-100,False,False,1,0,0,False,,,neutro,0.95,pro-recovery,0.47451141476631165,neutro,0.95,confianca
2026-02-19,Thu Feb 19,pt,Twitter for iPhone,lembrei de quando fui para escola com meu menor peso me sentia tao bem nessa época [hashtag],89,0,0,1-10,0,11-100,0,0,1-10,False,False,1,0,0,False,,,pro-ed,0.85,pro-recovery,0.6640214323997498,pro-ed,0.85,confianca
2026-02-06,Fri Feb 06,pt,Twitter for iPhone,resultado do dia! &gt;&lt; peso em jejum: 49.9kg cal consumidas: 820/1.300c cal gastas: 0c exercicio: 0 mnts cal totais: 820c [hashtag] [hashtag] [hashtag] [hashtag] [url],175,0,0,1-10,0,101-1000,0,101-1000,101-1000,False,False,4,0,0,False,,,pro-ed,0.95,pro-ed,0.438368558883667,pro-ed,0.95,maioria
2025-11-20,Thu Nov 20,pt,Twitter for iPhone,pqp comi muita tranqueira hj vo ficar um mes sem comer nada pra compensar [hashtag],80,0,0,1-10,0,101-1000,0,101-1000,101-1000,False,False,1,0,0,False,,,pro-ed,0.95,pro-ed,0.4428865611553192,pro-ed,0.95,maioria
2026-01-26,Mon Jan 26,pt,Twitter for iPhone,[mention] Podia ter ido logo de [hashtag],41,0,0,0,0,11-100,0,1001-10000,1001-10000,True,False,1,0,1,False,,,neutro,0.5,pro-ed,0.5967004299163818,pro-ed,0.5967004299163818,confianca
top,Wed Aug 06,pt,Twitter for iPhone,Tentando voltar aos pouquinhos consumindo cada dia mais esse lixão aqui (edtwt),79,0,1-10,0,0,11-100,0,101-1000,101-1000,False,False,0,0,0,False,,,neutro,0.7,pro-recovery,0.6241868734359741,neutro,0.7,confianca
2026-01-11,Sun Jan 11,pt,Twitter for iPhone,𐔌 . ⋮ Isso ou Aquilo? Versão Cupcake ₊ ꒱ ~ Uma Food Poll interativa onde calorias não existem. [hashtag] [hashtag] [hashtag] [hashtag] 𖹭/⟳ appreciated [url],185,1-10,1-10,101-1000,11-100,1001-10000,11-100,101-1000,101-1000,False,False,4,0,0,False,,,neutro,0.8,pro-ed,0.6729724407196045,neutro,0.8,confianca
2025-09-01,Mon Sep 01,pt,Twitter for iPhone,"ta gordinha, né? tem que emagrecer [hashtag]",41,0,0,1-10,0,101-1000,0,101-1000,101-1000,False,False,1,0,0,False,,,pro-ed,0.8,pro-recovery,0.5200834274291992,pro-ed,0.8,confianca
2025-11-13,Thu Nov 13,pt,Twitter for iPhone,começou a palhaçada [hashtag] [hashtag] [hashtag] [url],80,0,1-10,0,0,101-1000,0,101-1000,101-1000,False,False,3,0,0,False,,,neutro,0.6,pro-ed,0.6271703839302063,pro-ed,0.6271703839302063,confianca
2026-01-16,Fri Jan 16,pt,Twitter for iPhone,"tive uma recaída monstra na ansiedade depresso e cheguei a pesar 86,7kg. atualmente to tomando mounjaro e fazendo muita dieta e tentando voltar a fazer exercícios agora to com 84kg (tenho 1,66cm) vou postar no intuito de ver ate onde chego junto ao [hashtag]",256,0,0,0,0,101-1000,0,11-100,11-100,False,False,1,0,0,False,,,pro-ed,0.8,pro-recovery,0.7837604880332947,pro-ed,0.8,confianca
2025-12-06,Sat Dec 06,pt,Twitter for iPhone,Se esse aplicativo nao for confiável eu vou mi matar [hashtag] [hashtag] [hashtag] [hashtag] [hashtag] [hashtag] [hashtag] [url],136,0,0,0,0,11-100,0,101-1000,101-1000,False,False,7,0,0,False,,,neutro,0.6,pro-ed,0.6311913728713989,pro-ed,0.6311913728713989,confianca
2026-01-01,Thu Jan 01,pt,Twitter for iPhone,NÃO COMO NADA DESDE O ANO PASSADO [hashtag],40,0,0,1-10,0,11-100,0,11-100,101-1000,False,False,1,0,0,False,,,pro-ed,0.8,neutro,0.8910460472106934,neutro,0.8910460472106934,confianca
2025-11-27,Thu Nov 27,pt,Twitter for iPhone,Voltei pro [hashtag] tô me sentindo mto mal comigo mesmo e principalmente meu corpo,80,0,0,0,0,11-100,0,11-100,11-100,False,False,1,0,0,False,,,neutro,0.6,pro-ed,0.6165444254875183,pro-ed,0.6165444254875183,confianca
2026-02-22,Sun Feb 22,pt,Twitter for iPhone,｡𖦹°‧ - Coisas que eu quero fazer quando chegar na minha meta final.ᐟ ꩜⤷゛Uma 🧵 thread para o [hashtag] 𐔌՞ ܸ.ˬ.ܸ՞𐦯,116,0,1-10,1-10,1-10,11-100,0,101-1000,101-1000,False,False,1,0,0,False,,,pro-ed,0.7,pro-ed,0.4906047284603119,pro-ed,0.7,maioria
2025-12-06,Sat Dec 06,pt,Twitter for iPhone,"🎀 . AVISO ‼️ essa thread é totalmente e 100% dedicada somente a subcomunidades, especialmente o [hashtag]. se não gosta ou não faz parte da sub, me de block!",156,0,1-10,11-100,0,1001-10000,0,101-1000,101-1000,True,False,1,0,0,False,,,neutro,0.7,neutro,0.6031176447868347,neutro,0.7,maioria
2026-03-15,Sun Mar 15,pt,Twitter for iPhone,"[hashtag] moots, vocês já usaram Orlistate (Xenical®) pra emagrecer? Ele funciona mesmo? Estava pesquisando e a ação dele parece ser bem fraca, mas como ele é bem mais em conta que outros emagrecedores, pensei em tomar 🤔 [url]",242,0,0,0,0,11-100,0,1-10,11-100,False,False,1,0,0,False,,,pro-ed,0.8,pro-ed,0.380220502614975,pro-ed,0.8,maioria
2026-02-04,Wed Feb 04,pt,Twitter for iPhone,Feio porém gostoso [hashtag] [url],49,0,0,1-10,0,11-100,0,1-10,1-10,False,False,1,0,0,False,,,neutro,0.8,pro-ed,0.7189433574676514,neutro,0.8,confianca
2025-11-06,Thu Nov 06,pt,Twitter for iPhone,[hashtag] e sem passar fome,24,0,0,0,0,11-100,0,11-100,11-100,True,False,1,0,0,False,,,neutro,0.6,pro-recovery,0.42020559310913086,neutro,0.6,confianca
2025-09-08,Mon Sep 08,pt,Twitter for iPhone,[mention] se descobrir me fala [hashtag],44,0,0,1-10,0,1001-10000,0,101-1000,101-1000,True,False,1,0,1,False,,,neutro,0.8,pro-ed,0.5021559596061707,neutro,0.8,confianca
2026-02-23,Mon Feb 23,pt,Twitter for iPhone,acho que não consigo mais que isso [hashtag] [url],65,0,0,0,0,11-100,0,11-100,11-100,False,False,1,0,0,False,,,neutro,0.6,neutro,0.4988003075122833,neutro,0.6,maioria
2026-02-11,Wed Feb 11,pt,Twitter for iPhone,[mention] q mentira acervy o [mention] tbm ama [hashtag],65,0,1-10,1-10,0,11-100,0,101-1000,101-1000,True,False,1,0,2,False,,,neutro,0.8,pro-ed,0.6505491733551025,neutro,0.8,confianca
2025-12-31,Wed Dec 31,pt,Twitter for iPhone,eu acordo e me olho no espelho (peso relativamente legal). não como NADA o dia inteiro e quando me olho no espelho de novo parece que engordei 10kg. pqp alguém me explica o que diabos é isso | [hashtag],199,0,0,0,0,11-100,0,11-100,11-100,False,False,1,0,0,False,,,pro-ed,0.7,neutro,0.7230663299560547,neutro,0.7230663299560547,confianca
2025-10-22,Wed Oct 22,pt,Twitter for iPhone,jantinha &gt;&lt; [hashtag] [url],48,0,1-10,1-10,0,101-1000,0,11-100,11-100,False,False,1,0,0,False,,,neutro,0.7,pro-ed,0.5211626291275024,neutro,0.7,confianca
2026-02-11,Wed Feb 11,pt,Twitter for iPhone,— Alimentos &amp; Bebidas baixo ou 0 kal! 🍕 Uma thrend para o [hashtag] ! [url],94,11-100,1-10,1001-10000,1-10,10000+,101-1000,101-1000,101-1000,False,False,1,0,0,False,,,pro-ed,0.7,pro-recovery,0.4121497571468353,pro-ed,0.7,confianca
2026-01-22,Thu Jan 22,pt,Twitter for iPhone,perdi 2kg ! nessa hora eu não tava d jejum então é possível que eu ainda possa forçar menos uns quilinhos &gt;.&lt; [hashtag] [hashtag] [url],151,0,0,1-10,0,101-1000,0,11-100,11-100,False,False,2,0,0,False,,,pro-ed,0.9,pro-recovery,0.4466538727283478,pro-ed,0.9,confianca
2026-02-06,Fri Feb 06,pt,Twitter for iPhone,"[mention] [mention] pq eh so alguem de fora colocar [hashtag] que vem um monte de piranha cair em cima do ed chamando pessoas com T.A de gordofobicas sendo que isso nao faz sentido nenhum poois o problema com a comida eh exclusivamente nosso, se tem uma puta gordofobica aq eh uma ou outra",293,0,1-10,1-10,0,11-100,0,11-100,11-100,True,False,1,0,1,False,,,neutro,0.65,pro-ed,0.5602827668190002,neutro,0.65,confianca
2025-09-29,Mon Sep 29,pt,Twitter for iPhone,Como eu me sinto depois de voltar com aquele vício [hashtag] [hashtag] [hashtag] [url],96,1-10,0,0,0,101-1000,0,1-10,11-100,False,False,3,0,0,False,,,neutro,0.6,pro-recovery,0.5816102623939514,neutro,0.6,confianca
2026-02-23,Mon Feb 23,pt,Twitter for iPhone,"[mention] infelizmente nao faco treino na academia, apenas cardio 🥺 mas pesquisa [hashtag] treino/academia que vc acha amore",126,0,1-10,1-10,0,11-100,0,101-1000,101-1000,True,False,1,0,1,False,,,neutro,0.8,neutro,0.7514481544494629,neutro,0.8,maioria
2026-01-12,Mon Jan 12,pt,Twitter for iPhone,[hashtag] no serviço [url],41,0,1-10,0,0,11-100,0,11-100,11-100,False,False,1,0,0,False,,,neutro,0.8,pro-ed,0.6203955411911011,neutro,0.8,confianca
2026-01-31,Sat Jan 31,pt,Twitter for iPhone,estou me sentindo imensa [hashtag],31,0,0,1-10,0,11-100,0,101-1000,101-1000,False,False,1,0,0,False,,,neutro,0.6,pro-ed,0.5278482437133789,neutro,0.6,confianca
2025-11-29,Sat Nov 29,pt,Twitter for iPhone,O bglh é ficar dias sem comer mesmo nessa poha. Tomar antidepressivo com cachaça e fumar até ficar com câncer de pulmão mesmo [hashtag] [hashtag] [hashtag] [url],182,0,1-10,11-100,0,1001-10000,1-10,101-1000,101-1000,False,False,3,0,0,False,,,pro-ed,0.7,pro-ed,0.6038706302642822,pro-ed,0.7,maioria
2026-01-30,Fri Jan 30,pt,Twitter for iPhone,°❀⋆. ‧˚ hilo para edtwt¡! Cositas para distraerse de la comida &lt;3 (principalmente sopas de letras) [hashtag] [hashtag] [url],147,0,1-10,11-100,0,101-1000,1-10,101-1000,101-1000,False,False,2,0,0,False,,,neutro,0.7,pro-ed,0.5663799047470093,neutro,0.7,confianca
2025-09-20,Sat Sep 20,pt,Twitter for iPhone,[mention] [mention] [mention] [mention] [mention] so as participantes do [hashtag],91,0,0,1-10,0,11-100,0,101-1000,101-1000,True,False,1,0,5,False,,,neutro,0.8,pro-ed,0.599809467792511,neutro,0.8,confianca
2025-12-26,Fri Dec 26,pt,Twitter for iPhone,[mention] ???? te querem no [hashtag],40,0,1-10,0,0,11-100,0,101-1000,101-1000,True,False,1,0,1,False,,,,,,,,,
2026-01-24,Sat Jan 24,pt,Twitter for iPhone,"Minha compulsão ataca mto a noite (de madrugada principalmente) e quando eu fui internada na clínica psiquiátrica eles me deram um remédio que não tem NENHUMA contra indicação, agora de madrugada ao invés de comer eu durmo igual um bebê 🙌 [hashtag]",245,0,0,0,0,11-100,0,11-100,11-100,False,False,1,0,0,False,,,,,,,,,
2025-10-27,Mon Oct 27,pt,Twitter for iPhone,sua mãe tá no [hashtag] amg? jaja ela vai de roscoe hamilton [url],81,0,1-10,11-100,1-10,1001-10000,1-10,1001-10000,101-1000,False,False,1,0,0,False,,,,,,,,,
2026-02-02,Mon Feb 02,pt,Twitter for iPhone,"to falando (quase namorando) com um menino e ele reposta um caralhao de coisa sobre gostar de mulher que tem coxa grossa e peito e bunda, enquanto eu tento perder coxa e nao nasci com nenhum dos dois 💔💔 relacionamento com ta nao é facil [hashtag] [hashtag]",250,0,0,0,0,11-100,0,1-10,1-10,False,False,2,0,0,False,,,,,,,,,
2025-09-18,Thu Sep 18,pt,Twitter for iPhone,"[mention] pior que não faço ideia, de vez em quando aparece algum post com [hashtag] e sempre tem um monte de gente comentando",124,0,1-10,0,0,11-100,0,11-100,101-1000,True,False,1,0,1,False,,,,,,,,,
2026-02-06,Fri Feb 06,pt,Twitter for iPhone,[mention] Dietinha vibes [hashtag] !,36,0,1-10,0,0,11-100,0,101-1000,101-1000,True,False,1,0,1,False,,,,,,,,,
2025-10-28,Tue Oct 28,pt,Twitter for iPhone,"me conforta que pra isso temos o jeremy que toda vez que alguém diz ""riko eating up at the court"" ele deve entrar na conta secreta dele pra quotar com [hashtag]",157,1-10,0,1-10,0,101-1000,0,1001-10000,1001-10000,False,False,1,0,0,False,,,,,,,,,
2026-01-11,Sun Jan 11,pt,Twitter for iPhone,Bc aleatório que tirei ontem a noite 😓😭 tô imenso [hashtag] [hashtag] [hashtag] [url],106,0,0,1-10,1-10,101-1000,0,11-100,11-100,False,False,3,0,0,False,,,,,,,,,
2026-01-29,Thu Jan 29,pt,Twitter for iPhone,𐔌 . ⋮ Isso ou Aquilo? Versão Pão de Queijo₊ ꒱ ~ Uma Food Poll interativa onde calorias não existem. [hashtag] [hashtag] [hashtag] [hashtag] 𖹭/⟳ appreciated [url],190,11-100,1-10,101-1000,11-100,1001-10000,11-100,101-1000,101-1000,False,False,4,0,0,False,,,,,,,,,
2026-02-03,Tue Feb 03,pt,Twitter for iPhone,Amgs do [hashtag] Oq significa as siglas??? Pi...pa...mf 😭,56,0,0,0,0,101-1000,0,101-1000,11-100,False,False,1,0,0,False,,,,,,,,,
2026-02-19,Thu Feb 19,pt,Twitter for iPhone,🤍 Edvlog !! 🤍 desculpa se não ficou muito bom :P esse foi meu primeiro edvlog [hashtag] [url],110,11-100,11-100,101-1000,1-10,1001-10000,11-100,101-1000,101-1000,False,False,1,0,0,False,,,,,,,,,
2025-10-20,Mon Oct 20,en,Twitter for iPhone,"𝓝𝓮𝔀 𝓲𝓷𝓽𝓻𝓸 𝒩ℴ𝓉 𝓃ℯ𝓌 𝓉ℴ 𝓉𝓌𝓉 °❀⋆.ೃ࿔*:･ ℐ ℊℴ 𝒷𝓎 𝓀ℯ𝓁𝓁𝓈 𝒽ℯ𝓇ℯ!! 𝒮𝒽ℯ𝒹𝓉𝓌𝓉, ℯ𝒹𝓉𝓌𝓉, 𝓀𝓁ℯ𝓅𝓉ℴ𝓉𝓌𝓉, 𝓈𝒽𝓉𝓌𝓉 ℐ 𝒻𝒷! ℒ𝒾𝓀ℯ 𝓉𝒽𝒾𝓈 𝓉ℴ 𝒷ℯ 𝓂ℴℴ𝓉𝓈ㅤꨄ︎ [hashtag] [hashtag] [hashtag] [hashtag] [url]",184,0,0,1-10,0,101-1000,0,101-1000,101-1000,False,False,4,0,0,False,,,,,,,,,
2025-11-10,Mon Nov 10,pt,Twitter for iPhone,cheguei no trabalho e me falaram que eu emagreci [hashtag],55,0,0,1-10,0,101-1000,0,101-1000,101-1000,False,False,1,0,0,False,,,,,,,,,
2026-02-10,Tue Feb 10,pt,Twitter for iPhone,janta hoje vai der 2 pedrinhas de gelo [hashtag],45,0,0,0,0,11-100,0,101-1000,101-1000,False,False,1,0,0,False,,,,,,,,,
2026-01-31,Sat Jan 31,pt,Twitter for iPhone,Minha mãe falou que eu engordei e como eu não sou uma pessoa mentalmente equilibrada estarei entrando no [hashtag],111,0,0,1-10,0,1-10,0,11-100,101-1000,False,False,1,0,0,False,,,,,,,,,
2026-02-21,Sat Feb 21,pt,Twitter for iPhone,"Convenci minha família de que eu sempre tenho que ter laxante por perto (realmente é bon pq eu tenho muita prisão de ventre), agora a mf vem [hashtag]",147,0,0,0,0,11-100,0,11-100,11-100,False,False,1,0,0,False,,,,,,,,,
2025-11-06,Thu Nov 06,pt,Twitter for iPhone,"Ed preciso de ajuda. Não tô conseguindo ler controlar desde q tive minha vida virada de cabeça pra baixo, engordei 10kg e preciso perder isso até dia 26 de dezembro...me ajudem por favor (a diferença do corpo nessas fotos...) [hashtag] [url]",257,0,0,0,0,11-100,0,11-100,11-100,False,False,1,0,0,False,,,,,,,,,
2025-09-12,Fri Sep 12,pt,Twitter for iPhone,como emagrecer a testa da xereca? [hashtag],40,0,0,1-10,0,11-100,0,101-1000,101-1000,False,False,1,0,0,False,,,,,,,,,
2025-09-17,Wed Sep 17,pt,Twitter for iPhone,vi um tweet do [hashtag] e agora eu quero morrer mds pqp,53,0,0,0,0,11-100,0,11-100,101-1000,False,False,1,0,0,False,,,,,,,,,
2025-10-06,Mon Oct 06,pt,Twitter for iPhone,Almoçando cedo hoje [hashtag] [url],50,0,0,1-10,0,11-100,0,101-1000,101-1000,False,False,1,0,0,False,,,,,,,,,
2026-01-13,Tue Jan 13,pt,Twitter for iPhone,"Eu comi esse poke +/- as 14h, minha meta é ficar de jejum até as 16h de amanhã, vou beber bastante água pra bater a meta [hashtag]",127,0,0,0,0,11-100,1-10,11-100,11-100,False,False,1,0,0,False,,,,,,,,,
2025-10-11,Sat Oct 11,pt,Twitter for iPhone,[mention] próximo passo entrar no [hashtag],41,0,1-10,1-10,0,11-100,0,101-1000,1001-10000,True,False,1,0,1,False,,,,,,,,,
2025-09-18,Thu Sep 18,pt,Twitter for iPhone,as mina do [hashtag] se incomodam com xrc gorda? dúvida real,57,0,0,0,0,11-100,0,11-100,11-100,False,False,1,0,0,False,,,,,,,,,
2025-09-20,Sat Sep 20,pt,Twitter for iPhone,"E tão estranho pensar q agr não consigo vomitar td q eu como, pq tenho nojo, mas exatamente 3 anos atrás eu não conseguia dormir sem ter pelo menos vomitado 1 vez ao dia [hashtag] [hashtag]",184,0,0,0,0,11-100,0,1-10,11-100,False,False,2,0,0,False,,,,,,,,,
2025-10-20,Mon Oct 20,pt,Twitter for iPhone,✦ . 🧵 𝑻𝑯𝑹𝑬𝑨𝑫 - dietas a longo prazo; por que falhamos com o tempo? [hashtag] [url],98,1-10,1-10,1-10,0,101-1000,1-10,101-1000,101-1000,False,False,1,0,0,False,,,,,,,,,
2025-09-10,Wed Sep 10,pt,Twitter for iPhone,"[hashtag] hoje fui horrível, comi tanto... Vou me enfiar na sibutramina, não aguento ver o peso diminuir lentamente, quero logooo",126,0,0,0,0,101-1000,0,101-1000,1001-10000,False,False,1,0,0,False,,,,,,,,,
2026-01-30,Fri Jan 30,pt,Twitter for iPhone,"Hoje é meu dia de refeição livre, vou comer um subway com minha dona senhora mamãe. Estou feliz de ter montado um lanche de 600/650kcal. Eu vou jogar alto pra 700kcal e mesmo assim fico dentro do intake, ainda vou passar um tempo de qualidade. Oque acharam? 🍏 [hashtag] [url]",290,0,1-10,1-10,0,101-1000,0,101-1000,11-100,False,False,1,0,0,False,,,,,,,,,
2025-11-07,Fri Nov 07,pt,Twitter for iPhone,quando voce come misto de almoço e janta a semana toda e na quinta feira o cinto ja ta no ultimo buraco e a calça caindo [hashtag],128,0,0,0,0,11-100,0,11-100,101-1000,False,False,1,0,0,False,,,,,,,,,
2025-09-05,Fri Sep 05,pt,Twitter for iPhone,maconha não é nada [hashtag] né,28,0,0,1-10,0,11-100,0,11-100,11-100,False,False,1,0,0,False,,,,,,,,,
2026-01-29,Thu Jan 29,pt,Twitter for iPhone,"Engraçado que engordar 10 kg em um ano tá tudo bem, agora perder 10 kg em um ano é preocupante né, ngm quer seu progresso não [hashtag] [hashtag]",140,0,0,0,0,11-100,0,101-1000,101-1000,False,False,2,0,0,False,,,,,,,,,
2026-01-19,Mon Jan 19,pt,Twitter for iPhone,Achei uma foto que eu to tao [hashtag] que a maria iria amar da pra contar quantos ossos eu tenho… [url],120,0,0,0,0,11-100,0,101-1000,11-100,False,False,1,0,0,False,,,,,,,,,
2026-01-26,Mon Jan 26,pt,Twitter for iPhone,"ִ ࣪ ˖ ࣪ ᨰꫀᥣᥴ᥆ꩇꫀ ! ᰔ ִ ׄ Primeiramente,isso é uma thread que pertence ao [hashtag],então caso vc não gostar ou não compactuar peço que se retire ────୨ৎ────",152,0,1-10,0,0,11-100,0,101-1000,101-1000,True,False,1,0,0,False,,,,,,,,,
2025-09-12,Fri Sep 12,pt,Twitter for iPhone,alguem da [hashtag] pode me ajudar a diminuir a minha bunda enorme e suculenta?🥺,77,0,0,0,0,11-100,0,101-1000,101-1000,False,False,1,0,0,False,,,,,,,,,
2025-10-30,Thu Oct 30,pt,Twitter for iPhone,Daqui a pouco eu vou tá no [hashtag],33,0,0,0,0,11-100,0,101-1000,101-1000,False,False,1,0,0,False,,,,,,,,,
2025-10-13,Mon Oct 13,pt,Twitter for iPhone,"oi ed, eu tenho seletividade alimentar e queria saber como q eu começo a gostar de frutas, uma vez fui tentar comer pera e gorfei, nao to de brincadeira quando falo que tenho seletividade, pra vcs terem noção nem salgadinho eu gosto direito e to começando a odiar coxinha [hashtag]",279,0,1-10,0,0,101-1000,0,101-1000,101-1000,False,False,1,0,0,False,,,,,,,,,
2025-11-10,Mon Nov 10,pt,Twitter for iPhone,jaburu feio desses erro dele foi não te deixar sem lanche e te recomendar entrar no [hashtag] demonio,99,0,0,0,0,11-100,0,101-1000,101-1000,False,False,1,0,0,False,,,,,,,,,
2025-11-05,Wed Nov 05,pt,Twitter for iPhone,"♬⋆.˚🌟Nessa thread você vai me acompanhar até o dia 25 de Dezembro, onde tentarei perder o máximo de peso possível!(pelo menos 10kg) [hashtag]",138,0,1-10,0,0,11-100,0,101-1000,101-1000,True,False,1,0,0,False,,,,,,,,,
2025-09-29,Mon Sep 29,pt,Twitter for iPhone,Necesito mutis [hashtag] [hashtag] [hashtag] [hashtag],45,1-10,1-10,1-10,0,101-1000,0,101-1000,101-1000,False,False,4,0,0,False,,,,,,,,,
2025-10-26,Sun Oct 26,pt,Twitter for iPhone,┄ apps ed fofos para você usar . . .ᐟ ㅤㅤㅤㅤㅤㅤ⠂ [hashtag] ་۪ ✿◞ [url],82,11-100,1-10,101-1000,1-10,10000+,101-1000,1001-10000,101-1000,False,False,1,0,0,False,,,,,,,,,
2026-02-21,Sat Feb 21,pt,Twitter for iPhone,aquele amg que se mostra parte do [hashtag] [url],64,0,1-10,1-10,1-10,101-1000,0,1001-10000,101-1000,False,False,1,0,0,False,,,,,,,,,
2026-02-14,Sat Feb 14,pt,Twitter for iPhone,[mention] [mention] membro do [hashtag]?,44,0,0,0,0,11-100,0,101-1000,101-1000,True,False,1,0,2,False,,,,,,,,,
2025-12-16,Tue Dec 16,pt,Twitter for iPhone,[mention] [mention] [mention] gordo e cuando [hashtag],55,0,0,0,0,101-1000,0,101-1000,101-1000,True,False,1,0,3,False,,,,,,,,,
2025-10-22,Wed Oct 22,pt,Twitter for iPhone,A surra no [hashtag] que passa fome [url],56,0,0,1-10,0,11-100,0,101-1000,101-1000,False,False,1,0,0,False,,,,,,,,,
2026-02-11,Wed Feb 11,pt,Twitter for iPhone,O omad vindo com a torta 🍾🍾🍾🍾🍾🎉🎉🎉🎉[hashtag] [url],64,0,0,1-10,0,101-1000,0,1001-10000,1001-10000,False,False,1,0,0,False,,,,,,,,,
2025-11-30,Sun Nov 30,pt,Twitter for iPhone,"eu comecei a tomar o remédio juneve (usado para tdah e para transtorno de compulsão alimentar) e eu n to sentindo mais fome, PQP ELE E O FLUOXETINA JUNTOS SÃO INCRÍVEIS UHULL [hashtag] [url]",205,0,0,0,0,101-1000,0,11-100,101-1000,False,False,1,0,0,False,,,,,,,,,
2026-02-18,Wed Feb 18,pt,Twitter for iPhone,"[hashtag] ₍ᐢ. .ᐢ₎ de ontem! ．☆．。．:*･ﾟ Até que me adaptei bem na dieta nova, mas não minto que ela dá mta fome 💔 vou continuar pq já desinchei MUITO!! E eu ainda to com o joelho ruim 712kcals - 49g prot Gastas: 233kcals (esteira) Receitinhas no ALT 💗 [hashtag] [hashtag] [url]",291,0,1-10,11-100,1-10,101-1000,1-10,1001-10000,101-1000,False,False,3,0,0,False,,,,,,,,,
2025-11-10,Mon Nov 10,es,Twitter for iPhone,[mention] alerta de [hashtag],33,0,1-10,0,0,11-100,0,11-100,101-1000,True,False,1,0,1,False,,,,,,,,,
2025-09-29,Mon Sep 29,pt,Twitter for iPhone,ontem a única coisa q eu comi o dia todo foram 2 torradas e hj ainda nn consigo comer mds [hashtag],96,0,1-10,1-10,0,11-100,0,1001-10000,1001-10000,False,False,1,0,0,False,,,,,,,,,
top,Wed Apr 23,pt,Twitter for iPhone,nao entrndo o hate no edtwt tipo vc me odeia pq eu sou transtornada? vai viver,78,1-10,1-10,1-10,0,101-1000,0,101-1000,101-1000,False,False,0,0,0,False,,,,,,,,,
2025-09-21,Sun Sep 21,pt,Twitter for iPhone,"⋆˚｡⋆୨୧˚ avisos!ᯓ • uma theard destinada ao [hashtag], se nao for, nao interaja! • a theard se consiste em fotos de garotas magras, com meanspo junto para voce fechar sua boquinha porquinha! Aproveite ^^",199,0,1-10,1-10,0,101-1000,0,101-1000,101-1000,True,False,1,0,0,False,,,,,,,,,
2025-09-08,Mon Sep 08,pt,Twitter for iPhone,"[mention] eu 1,59 e 32 kg pq sou do [hashtag] + 10 parceiro de 2 metro e 90 kg seu merda",89,0,0,0,0,11-100,0,101-1000,101-1000,False,False,1,0,1,False,,,,,,,,,
2025-10-26,Sun Oct 26,pt,Twitter for iPhone,"jejum realmente funciona com vcs ou da efeito rebote? não tô conseguindo comer, e nem ao menos fracionar pequenas porções [hashtag] [hashtag] [hashtag]",140,0,0,0,0,11-100,0,1-10,11-100,False,False,3,0,0,False,,,,,,,,,
2025-11-05,Wed Nov 05,pt,Twitter for iPhone,A bandana que eu vou usar no negócio de modelo não fechou na minha cintura [hashtag] [hashtag] [hashtag] [hashtag] [url],149,0,1-10,1-10,0,101-1000,0,11-100,11-100,False,False,4,0,0,False,,,,,,,,,
2025-11-14,Fri Nov 14,pt,Twitter for iPhone,Me sinto burra sendo a única do [hashtag] que não sabe fazer thread,64,1-10,1-10,1-10,0,101-1000,0,101-1000,101-1000,False,False,1,0,0,False,,,,,,,,,
2025-09-15,Mon Sep 15,pt,Twitter for iPhone,"[hashtag] hj bati na minha mãe pq ela me ofereceu comida, tá na minha maldade",74,0,1-10,0,0,11-100,0,101-1000,101-1000,False,False,1,0,0,False,,,,,,,,,
2026-01-18,Sun Jan 18,pt,Twitter for iPhone,"Nenhuma comida tem gosto melhor que ser magra. Mas você prefere ser uma porca, né? [hashtag]",89,0,0,0,0,11-100,0,11-100,101-1000,False,False,1,0,0,False,,,,,,,,,
top,Fri May 17,pt,Twitter for iPhone,"MANO KKKokkkKKKKKKKKKKJ eu tava no shopping e um garoto me viu e gritou ""VOCÊ EH O KIKI BALOFO DO EDTWT??"" e eu disse ""SIM!!"" então a gente começou a se bate e todo mundo aplaudiu ???? Povo esquisito",199,0,0,1-10,0,11-100,0,101-1000,101-1000,False,False,0,0,0,False,,,,,,,,,
2025-10-20,Mon Oct 20,pt,Twitter for iPhone,treinar pesado em jejum de 26h nada melhor [hashtag],49,0,0,1-10,0,101-1000,0,101-1000,101-1000,False,False,1,0,0,False,,,,,,,,,
2026-02-08,Sun Feb 08,pt,Twitter for iPhone,Vou perder 4kg essa semana meus amores!!!! na base da agua e pastilha ou chiclete [hashtag],88,0,0,0,0,11-100,0,11-100,1-10,False,False,1,0,0,False,,,,,,,,,
2025-09-15,Mon Sep 15,pt,Twitter for iPhone,hj eu so comi um miojo uma tapioca e vou comer mingau de aveia agora [hashtag] [hashtag] [hashtag] [hashtag] [hashtag],134,0,0,0,0,11-100,0,11-100,101-1000,False,False,5,0,0,False,,,,,,,,,
2026-01-28,Wed Jan 28,pt,Twitter for iPhone,Esteriótipos do t.a Nunca ou já Thread de interação pro [hashtag] [url],90,1-10,1-10,11-100,1-10,101-1000,1-10,101-1000,101-1000,False,False,1,0,0,False,,,,,,,,,
2026-02-02,Mon Feb 02,pt,Twitter for iPhone,Hilo para [hashtag] [hashtag] Thinspo de dos pelis que me marcaron [url],85,0,1-10,1-10,0,101-1000,1-10,11-100,101-1000,False,False,2,0,0,False,,,,,,,,,
2025-12-06,Sat Dec 06,pt,Twitter for iPhone,Café da manhã com apenas 78 cal [hashtag] [url],62,0,0,0,0,11-100,0,11-100,11-100,False,False,1,0,0,False,,,,,,,,,
2026-01-18,Sun Jan 18,pt,Twitter for iPhone,"essa é só uma trend vou postar corpos que me inspiram se isso te dá gatilho ou não faz parte da comunidade [hashtag], pode me bloquear!",132,0,1-10,0,0,101-1000,0,101-1000,101-1000,True,False,1,0,0,False,,,,,,,,,
2025-10-21,Tue Oct 21,pt,Twitter for iPhone,૮꒰ ˶• ༝ •˶꒱ა ♡ [hashtag] Com a presença do alimento mais odiado pq é prático e tô com cólica !! 🌯 Vietnam Rolls: 120kcal 🥣 Yogurt Bowl: 60kcal 🍜 Cup Noodles: 291kcal 🍵 Chá de Jasmin: 0kcal + 4L de águaaa 💦 🐇 Gastas: 258kcals ｡:*♡ Saldo Total: 213kcals [hashtag] [hashtag] [url],291,0,1-10,11-100,1-10,101-1000,1-10,1001-10000,101-1000,False,False,3,0,0,False,,,,,,,,,
2026-03-15,Sun Mar 15,pt,Twitter for iPhone,"Pessoas do [hashtag], vocês também têm medo de tomar água demais, reter líquido e engordar? Minha nutricionista me falou pra aumentar a quantidade de água que eu tomo diariamente pra 4 litros, mas eu fico paranóica a cada litro tomado achando que vou ganhar peso e medidas 😭",271,0,0,1-10,0,11-100,0,1-10,11-100,False,False,1,0,0,False,,,,,,,,,
2026-01-25,Sun Jan 25,pt,Twitter for iPhone,"a ""professora de história"" me bloqueou pq eu descobri que ela é racista😱 [hashtag] [hashtag] [hashtag] [hashtag] [hashtag] [url]",131,0,1-10,1-10,0,101-1000,0,101-1000,101-1000,False,False,5,0,0,False,,,,,,,,,
2026-01-28,Wed Jan 28,pt,Twitter for iPhone,Almoço e janta 😛 (Me deu vontade de comer um sorvetinho 💔) [hashtag] [url],90,0,0,0,0,11-100,0,101-1000,101-1000,False,False,1,0,0,False,,,,,,,,,
2025-11-02,Sun Nov 02,pt,Twitter for iPhone,Afundada no TA /// REC de 3 meses [hashtag] [hashtag] [url],72,0,0,0,1-10,11-100,0,1-10,11-100,False,False,2,0,0,False,,,,,,,,,
2026-02-18,Wed Feb 18,pt,Twitter for iPhone,A kika é muito inspo mds 😣 [hashtag] [url],57,0,0,0,0,11-100,0,11-100,11-100,False,False,1,0,0,False,,,,,,,,,
2025-10-07,Tue Oct 07,pt,Twitter for iPhone,"""Ela deve estar pensando em outros"" Eu:[hashtag] [hashtag] [hashtag] [url]",84,0,0,0,0,11-100,0,1-10,11-100,False,False,3,0,0,False,,,,,,,,,
2026-02-07,Sat Feb 07,pt,Twitter for iPhone,Me deem meanspo AGORA MESMO!! podem descer o rajadão aqui nos comentários pq eu tô preguiçosa e gorda mais gorda que os quilos mortais todos juntos somados [hashtag],163,0,1-10,1-10,0,11-100,0,101-1000,101-1000,False,False,1,0,0,False,,,,,,,,,
2025-10-13,Mon Oct 13,pt,Twitter for iPhone,"Resultados!!! Emagreci 1,1kg com esse ZigZag em 10dias, confesso q no último final de semana comi 1000kcal no sábado e não cortei doces 100%, mas enfim, 1000kcal não é muito quando vc sabe oq comer!🩷 [hashtag] [hashtag]",214,1-10,1-10,101-1000,0,1001-10000,11-100,1001-10000,101-1000,False,False,2,0,0,False,,,,,,,,,
top,Mon Jan 20,pt,Twitter for iPhone,"A fofoca da Belle Urach do edtwt é tão interessante que até os NORMIES tão interessados nessa porra, deve ser muito triste não ser de subtwt nessas horas... [url]",180,0,0,1-10,0,101-1000,0,1001-10000,1001-10000,False,False,0,0,0,False,,,,,,,,,
2025-11-06,Thu Nov 06,pt,Twitter for iPhone,perdi 8kg em menos de 15 dias através do método da Merla [hashtag],63,0,1-10,1-10,0,101-1000,0,101-1000,101-1000,False,False,1,0,0,False,,,,,,,,,
2025-11-02,Sun Nov 02,pt,Twitter for iPhone,oiii gente sou nova na comunidade [hashtag] (tô com preguiça de fazer janta),73,0,0,1-10,0,11-100,0,11-100,11-100,False,False,1,0,0,False,,,,,,,,,
2025-12-24,Wed Dec 24,pt,Twitter for iPhone,Tirei foto com o papai Noel no shopping hoje só pra guardar a foto e ter noção do tanto que eu tô gordo e ter vergonha na cara pra emagrecer o mais rápido possível. [hashtag] [url],195,0,0,0,0,101-1000,0,11-100,11-100,False,False,1,0,0,False,,,,,,,,,
2026-02-04,Wed Feb 04,pt,Twitter for iPhone,queria entrar no submundo [hashtag] só pra fazer tudo o contrário do que elas fazem e engordar bastante,100,0,0,0,0,11-100,0,101-1000,101-1000,False,False,1,0,0,False,,,,,,,,,
2025-10-16,Thu Oct 16,pt,Twitter for iPhone,[mention] Ficar fininho veyr [hashtag],41,0,1-10,0,0,11-100,0,1001-10000,101-1000,True,False,1,0,1,False,,,,,,,,,
2025-10-29,Wed Oct 29,pt,Twitter for iPhone,A cintura do divo. [hashtag] total,31,0,0,0,0,101-1000,0,1001-10000,101-1000,False,True,1,0,0,False,,,,,,,,,
2025-12-02,Tue Dec 02,pt,Twitter for iPhone,almocinho de leve hj espero nao engordar [hashtag] 🥰 [url],74,0,0,0,0,11-100,0,101-1000,11-100,False,False,1,0,0,False,,,,,,,,,
2026-02-16,Mon Feb 16,pt,Twitter for iPhone,"Gente, pfv me xinguem, façam meanspo comigo, eu não quero sair de casa e ir caminhar hj, não consegui dormir nesses 3 dias pq parei de tomar meu remédio, pq ele engorda, eu sou uma porca imunda, qro emagrecer [hashtag] [hashtag] [hashtag]",233,0,0,1-10,0,101-1000,0,11-100,11-100,False,False,3,0,0,False,,,,,,,,,
2025-10-14,Tue Oct 14,pt,Twitter for iPhone,Gente alguém sabe a forma mais RÁPIDA de afinar a coxa? EU NÃO AGUENTO MAIS. [hashtag] [url],107,0,1-10,1-10,0,101-1000,0,11-100,11-100,False,False,1,0,0,False,,,,,,,,,
2025-09-22,Mon Sep 22,pt,Twitter for iPhone,entrei pro [hashtag] [url],41,0,0,1-10,1-10,101-1000,0,1001-10000,101-1000,False,False,1,0,0,False,,,,,,,,,
2026-01-01,Thu Jan 01,pt,Twitter for iPhone,𐔌 . 𐔌 . ⋮ Monte sua ceia de natal ₊ ꒱ ~ Uma Food Poll interativa onde calorias não existem. [hashtag] [hashtag] [hashtag] [hashtag] 𖹭/⟳ appreciated [url],183,1-10,1-10,11-100,1-10,1001-10000,1-10,101-1000,101-1000,False,False,4,0,0,False,,,,,,,,,
2025-11-01,Sat Nov 01,pt,Twitter for iPhone,[mention] ate nisso estamos juntos voce me emociona [hashtag],58,0,1-10,0,0,11-100,0,11-100,11-100,True,False,1,0,1,False,,,,,,,,,
top,Sun Apr 20,pt,Twitter for iPhone,“O edtwt é um lugar muito tóxico” Aí você para de generalizar a sub o tempo todo e vê todo mundo apoiando o recovery de alguém,126,11-100,1-10,101-1000,1-10,1001-10000,1-10,101-1000,1001-10000,False,False,0,0,0,True,,,,,,,,,
top,Wed Dec 03,pt,Twitter for iPhone,homem no edtwt dando meanspo em mulheres principalmente falando mal de recovery oh odio,87,1-10,1-10,11-100,0,1001-10000,1-10,101-1000,101-1000,False,False,0,0,0,True,,,,,,,,,
top,Wed Feb 11,pt,Twitter for iPhone,acho que nunca vou conseguir entrar em recovery,47,1-10,1-10,1-10,0,101-1000,0,1001-10000,101-1000,False,False,0,0,0,True,,,,,,,,,
top,Wed Apr 23,pt,Twitter for iPhone,o recovery do edtwt inteiro [url],51,0,0,0,0,101-1000,0,11-100,101-1000,False,False,0,0,0,True,,,,,,,,,
top,Tue Sep 30,pt,Twitter for iPhone,"claro q não po, os post das comunidades fixas do edtwt de ragebait falando mal e fazendo bodyshaming de gente de fora ou ate falar merda sobre recovery é motivo de piada na comunidade sim",187,0,1-10,0,0,101-1000,0,11-100,11-100,False,False,0,0,0,True,,,,,,,,,
top,Fri Jun 20,pt,Twitter for iPhone,abrindo o edtwt pós recovery be like [url],60,0,0,0,0,11-100,0,1-10,11-100,False,False,0,0,0,True,,,,,,,,,
top,Sat Sep 06,pt,Twitter for iPhone,tem uma menina aqui do Edtwt que entrou em recovery que acha que está engordando de forma saudável e que está com um corpo saudável mas ela tá simplesmente enorme e dá para ver a barriga marcando na roupa,204,0,0,1-10,0,11-100,0,101-1000,101-1000,False,False,0,0,0,True,,,,,,,,,
top,Sat Feb 21,pt,Twitter for iPhone,"Oi, ed Estou voltando. Essa conta é antiga, reativei agora porque eu estava em recovery, mas obviamente não deu muito certo. But vou interagir bastante aq e ajudar todas que precisarem. Espero que me aceitem bem de novo. Minha mf está na bio junto com outras informações. [hashtag] [url]",302,0,0,1-10,0,101-1000,0,101-1000,101-1000,False,False,1,0,0,True,,,,,,,,,
top,Sun May 26,pt,Twitter for iPhone,"mano n vi essa treta e n sei de nada, mas assim, se ela realmente so perdeu 3kg (dentro e fora do edtwt) é impossivel defender. mas q bom q ela saiu e foi fazer ""recovery""",171,0,0,0,0,101-1000,0,101-1000,101-1000,False,False,0,0,0,True,,,,,,,,,
2026-02-11,Wed Feb 11,pt,Twitter for iPhone,"Só de pensar que eu era assim dá vontade me mat4, não vou querer recovery nunca na minha vida [hashtag] [hashtag] [url]",132,0,0,1-10,0,11-100,0,101-1000,101-1000,False,False,2,0,0,True,,,,,,,,,
top,Sat Apr 19,pt,Twitter for iPhone,"✩*⢄⢁✧ WIEIAD - imc 20 ✧⡈⡠*✩ Tentando voltar pra honeymoon!! (Pós ""recovery"") - Restrição média --&gt; [hashtag] [url]",161,0,1-10,1-10,0,101-1000,0,101-1000,101-1000,False,False,1,0,0,True,,,,,,,,,
top,Fri Feb 27,pt,Twitter for iPhone,"amigos me sigam!! obs: NÃO SOU NOVA NO EDTWT!!!!!! tinha 5k de moots em 2023, era a ([mention]), mas desativei a conta e agora ela não aparece mais. sai pra recovery mas recai de novo 🤒🤒🤒💗💗 juro que sou legal, vamos ser moots!! [url]",251,0,0,1-10,1-10,101-1000,0,11-100,11-100,False,False,0,0,0,True,,,,,,,,,
top,Wed Apr 23,pt,Twitter for iPhone,as anoréxicas do edtwt começando recovery,41,0,0,1-10,0,101-1000,0,101-1000,101-1000,False,False,0,0,0,True,,,,,,,,,
top,Wed Mar 04,pt,Twitter for iPhone,🌷 Leia caso você esteja em recovery de T.A. — ou pensando em começar. ────୨ৎ──── [hashtag] [url],133,11-100,1-10,11-100,0,1001-10000,11-100,101-1000,101-1000,False,False,1,0,0,True,,,,,,,,,
top,Fri Sep 05,pt,Twitter for iPhone,"Oi gente, vou entrar em recovery da compulsão de vez. Quero melhorar, isso não é vida, eu nao consigo me alimentar como uma pessoa normal, quem dira fazer uma dieta, e quando consigo eu sempre volto a estaca zero. Vou continuar no edtwt até pq quero emagrecer ☺",261,0,1-10,1-10,0,101-1000,0,1001-10000,1001-10000,False,False,0,0,0,True,,,,,,,,,
top,Wed Dec 24,pt,Twitter for iPhone,"Entrei em recovery a três dias e já to voltando para o edtwt, nunca vou realmente me libertar do ta.",100,0,1-10,0,0,11-100,0,101-1000,11-100,False,False,0,0,0,True,,,,,,,,,
top,Fri Dec 12,pt,Twitter for iPhone,"existe gente que tava em recovery e engorda muito e que tbm acaba voltando pro edtwt, então assim vai ter gorda sim 😘😍",118,0,0,1-10,0,11-100,0,11-100,101-1000,False,False,0,0,0,True,,,,,,,,,
top,Sun Sep 07,pt,Twitter for iPhone,Não existe ser humano mais podre do que essas várias do Ed que pegam foto de alguém que fez/tá de recovery e chamam de gorda,125,0,0,1-10,0,101-1000,0,101-1000,101-1000,False,False,0,0,0,True,,,,,,,,,
top,Sun Nov 02,pt,Twitter for iPhone,me sentindo usuaria do edtwt em recovery pqp,44,0,1-10,0,0,101-1000,0,1001-10000,1001-10000,False,False,0,0,0,True,,,,,,,,,
top,Fri May 02,pt,Twitter for iPhone,voltei p edtwt depois de um recovery e puta que parolas o estrago de dois anos comendo foi grande inclusive busco moots,119,0,0,0,0,11-100,0,1-10,11-100,False,False,0,0,0,True,,,,,,,,,
top,Fri Oct 31,pt,Twitter for iPhone,Vcs são meio retardados né? Tem o lado do edtwt que incentiva a piorar e o outro lado que incentiva o recovery 100% Parem de ser imbecis e enxergarem oq querem,161,0,1-10,1-10,0,101-1000,1-10,101-1000,101-1000,False,False,0,0,0,True,,,,,,,,,
